ID,Pregunta,OpcionA,OpcionB,OpcionC,OpcionD,RespuestaCorrecta,Dificultad,Tema
1,"¿Cuál es la salida de print(5 // 2)?","2.5","2","3","2.0","B","Fácil","Operadores Aritméticos"
2,"¿Qué función obtiene la longitud de una lista?","size()","length()","len()","count()","C","Fácil","Funciones Built-in"
3,"¿Cuál es el resultado de 3 ** 2?","6","8","9","12","C","Fácil","Operadores Aritméticos"
4,"¿Qué método agrega un elemento al final de una lista?","add()","append()","insert()","push()","B","Fácil","Listas"
5,"¿Cuál es la salida de for i in range(3): print(i, end=' ')?","0 1 2","1 2 3","0 1 2 3","1 2 3 4","A","Media","Bucles"
6,"¿Qué palabra clave define una función?","function","def","define","func","B","Fácil","Funciones"
7,"¿Cuál es la salida de lista[1]=5 en [1,2,3]?","[1,2,3]","[5,2,3]","[1,5,3]","Error","C","Media","Listas"
8,"¿Qué hace el operador 'is'?","Compara valores","Compara identidad","Compara tipos","Compara igualdad","B","Media","Operadores de Identidad"
9,"¿Cómo se crea un diccionario?","{1,2,3}","[1,2,3]","{""nombre"": ""Juan""}","(""nombre"",""Juan"")","C","Fácil","Diccionarios"
10,"¿Qué función lee entrada del usuario?","read()","input()","scan()","get()","B","Fácil","Entrada/Salida"
11,"¿Cuál es la salida de bool([])?","True","False","Error","None","B","Media","Tipos de Datos"
12,"¿Qué método elimina el último elemento de una lista?","remove()","pop()","delete()","discard()","B","Media","Listas"
13,"¿Cuál es el resultado de 'Hola' * 2?","'HolaHola'","'Hola2'","Error","'Hola Hola'","A","Fácil","Strings"
14,"¿Qué palabra clave se usa para manejar excepciones?","try","catch","except","throw","A","Media","Manejo de Errores"
15,"¿Cuál es la salida de len(range(5))?","4","5","6","Error","B","Media","Funciones Built-in"
16,"¿Cómo se accede al primer elemento de una lista llamada 'datos'?","datos[0]","datos[1]","datos.first()","datos[0:]","A","Fácil","Listas"
17,"¿Qué función convierte un string a entero?","str()","int()","float()","char()","B","Fácil","Conversión de Tipos"
18,"¿Cuál es la salida de print(10 % 3)?","1","3","0","2","A","Fácil","Operadores Aritméticos"
19,"¿Qué método convierte una lista en un string?","join()","split()","concat()","merge()","A","Media","Strings"
20,"¿Cuál es la salida de type([])?","list","array","tuple","dict","A","Fácil","Tipos de Datos"
21,"¿Qué operador se usa para concatenar strings?","+","&",".","*","A","Fácil","Strings"
22,"¿Cuál es la salida de 'Python'[0]?","P","y","t","h","A","Fácil","Strings"
23,"¿Qué método cuenta las ocurrencias de un elemento en una lista?","count()","len()","size()","total()","A","Media","Listas"
24,"¿Cuál es la salida de 5 == 5.0?","True","False","Error","None","A","Media","Comparaciones"
25,"¿Qué palabra clave se usa para crear una clase?","class","object","def","struct","A","Fácil","Programación Orientada a Objetos"
26,"¿Cuál es la salida de print(2 * 3 + 4)?","10","14","12","16","A","Fácil","Operadores Aritméticos"
27,"¿Cómo se comenta una línea en Python?","//","#","/*","--","B","Fácil","Sintaxis Básica"
28,"¿Qué método ordena una lista?","sort()","order()","arrange()","sorted()","A","Media","Listas"
29,"¿Cuál es la salida de bool('')?","True","False","Error","None","B","Media","Tipos de Datos"
30,"¿Qué función devuelve el valor absoluto de un número?","abs()","absolute()","mod()","pos()","A","Fácil","Funciones Built-in"
31,"¿Cuál es la salida de len('Python')?","5","6","7","8","B","Fácil","Strings"
32,"¿Cómo se declara una variable en Python?","var x = 5","x = 5","int x = 5","$x = 5","B","Fácil","Variables"
33,"¿Cuál es la salida de max([1,5,3])?","1","3","5","8","C","Fácil","Funciones Built-in"
34,"¿Qué método elimina un elemento por su valor?","remove()","pop()","delete()","discard()","A","Media","Listas"
35,"¿Cuál es la salida de print(2 ** 3)?","6","8","9","12","B","Fácil","Operadores Aritméticos"
36,"¿Qué función devuelve el número de elementos de un objeto?","len()","count()","size()","length()","A","Fácil","Funciones Built-in"
37,"¿Cuál es la salida de bool([1,2,3])?","True","False","Error","None","A","Media","Tipos de Datos"
38,"¿Cómo se accede al último elemento de una lista?","lista[-1]","lista[último]","lista[-2]","lista[0]","A","Media","Listas"
39,"¿Qué operador se usa para comparar si dos valores son iguales?","=","==","===","!=","B","Fácil","Operadores de Comparación"
40,"¿Cuál es la salida de 'Python'[::-1]?","'nohtyP'","'Python'","'noht yP'","'Pyt hon'","A","Media","Strings"
41,"¿Qué función convierte un número a string?","str()","int()","float()","char()","A","Fácil","Conversión de Tipos"
42,"¿Cuál es la salida de 7 // 3?","2","2.33","3","2.0","A","Fácil","Operadores Aritméticos"
43,"¿Cómo se crea una tupla?","(1,2,3)","[1,2,3]","{1,2,3}","[1,2,3]","A","Fácil","Tuplas"
44,"¿Qué método agrega todos los elementos de una lista a otra?","extend()","append()","add()","merge()","A","Media","Listas"
45,"¿Cuál es la salida de sum([1,2,3])?","5","6","7","8","B","Fácil","Funciones Built-in"
46,"¿Qué palabra clave se usa para salir de un bucle?","exit","break","continue","return","B","Fácil","Bucles"
47,"¿Cuál es la salida de 'Python'[1:4]?","yth","Pyt","hon","ytho","A","Media","Strings"
48,"¿Qué operador verifica si un elemento está en una lista?","in","has","contains","inside","A","Fácil","Operadores de Pertenencia"
49,"¿Cuál es la salida de print(round(3.7))?","3","4","3.5","4.0","B","Fácil","Funciones Built-in"
50,"¿Qué método convierte un string a lista de caracteres?","list()","split()","char()","toList()","A","Media","Conversión de Tipos"